Genre,Count
1999-Animation, 8
1926-Romance, 1
1946-War, 2
1954-War, 1
1960-Sci-Fi, 4
1995-Children, 29
1938-War, 1
1962-War, 4
1981-Thriller, 19
1963-Film-Noir, 1
1943-Adventure, 1
1927-Sci-Fi, 1
1934-Children, 1
2000-Animation, 18
1970-War, 7
1978-Western, 1
1955-Action, 1
1953-Thriller, 5
1976-Musical, 1
1929-Musical, 2
1954-Crime, 4
1966-Comedy, 19
1990-Fantasy, 15
2000-Children, 17
1977-Mystery, 3
1967-Crime, 6
1961-Animation, 1
1998-Sci-Fi, 28
2005-Children, 25
1940-Fantasy, 3
1945-Horror, 4
2006-War, 10
1974-Mystery, 4
1986-Thriller, 21
1995-Adventure, 29
1939-Children, 4
1977-(no genres listed), 1
1970-Animation, 3
2006-Crime, 35
1960-Mystery, 2
1943-Fantasy, 1
1989-Drama, 60
1990-Documentary, 2
2015-Drama, 101
1938-Animation, 2
1996-Action, 41
1976-Romance, 4
1963-Drama, 15
1958-Thriller, 4
2004-Comedy, 111
2015-Fantasy, 21
1985-Action, 23
2001-Fantasy, 20
1956-Horror, 4
2011-Film-Noir, 2
2015-Comedy, 104
1968-Drama, 17
1964-Western, 2
1993-Fantasy, 15
1970-Romance, 4
1923-Romance, 1
2012-Fantasy, 23
1959-Crime, 3
1975-Crime, 5
1977-Comedy, 21
1984-Drama, 35
2008-Thriller, 60
1955-Drama, 21
1991-Documentary, 4
1997-Horror, 18
1992-Documentary, 6
1955-Comedy, 8
2003-Thriller, 60
1954-Fantasy, 1
1995-Documentary, 6
1993-Documentary, 3
1954-Film-Noir, 1
2013-Horror, 22
2014-Crime, 38
1961-Adventure, 6
1994-Documentary, 7
2001-Crime, 36
1997-Documentary, 8
1999-Documentary, 13
1925-Comedy, 2
1941-Crime, 2
2013-IMAX, 29
1936-Comedy, 7
1950-Children, 2
1996-Documentary, 12
1975-Horror, 5
1979-Children, 5
2004-Fantasy, 29
2014-War, 8
1980-Comedy, 29
1927-Mystery, 1
1986-Horror, 23
1950-Drama, 10
1949-Film-Noir, 4
1998-Documentary, 12
1973-Musical, 2
1961-Western, 2
1988-Crime, 19
1996-Fantasy, 13
1973-Romance, 3
1937-Thriller, 1
2010-Drama, 102
1992-(no genres listed), 1
1946-Fantasy, 2
1989-Western, 1
1908-Sci-Fi, 1
1971-War, 2
1997-Film-Noir, 4
1998-IMAX, 3
1970-Adventure, 3
1955-War, 4
1990-Film-Noir, 2
1982-Sci-Fi, 11
1961-War, 3
1981-Documentary, 2
1939-War, 2
1968-Fantasy, 2
1992-Drama, 78
1983-Documentary, 5
1947-Comedy, 9
1984-Romance, 12
1960-Thriller, 3
2016-Adventure, 36
1903-Western, 1
2012-Children, 10
2005-Horror, 36
2007-Fantasy, 24
2015-War, 2
1983-Children, 5
2004-IMAX, 3
1972-Western, 2
1903-Crime, 1
1984-Musical, 7
1950-Comedy, 6
1970-Horror, 2
2007-Drama, 142
2007-Adventure, 33
2014-Sci-Fi, 32
1987-Sci-Fi, 20
1934-Drama, 4
1976-Sci-Fi, 4
1998-Thriller, 52
1970-Musical, 1
1917-Comedy, 1
1923-Horror, 1
2005-War, 12
1983-Crime, 8
1978-Horror, 12
1988-Mystery, 10
2004-Animation, 18
1941-Children, 1
1967-Horror, 4
1941-Thriller, 2
1945-War, 3
1916-Sci-Fi, 1
1935-Sci-Fi, 1
1987-Romance, 28
1971-Drama, 20
1979-Thriller, 10
1965-Fantasy, 2
1950-Film-Noir, 4
1971-Sci-Fi, 5
1935-Fantasy, 1
1988-Film-Noir, 1
1920-Comedy, 1
1951-Romance, 7
1993-Sci-Fi, 14
2015-Thriller, 57
1968-Adventure, 9
1990-Sci-Fi, 17
1962-Crime, 4
1951-Musical, 5
1942-Drama, 13
2015-(no genres listed), 3
2016-Animation, 22
1987-Documentary, 1
1966-Documentary, 1
1954-Musical, 4
2006-Sci-Fi, 25
1989-Documentary, 2
1948-Horror, 1
1985-Documentary, 4
1968-Documentary, 3
1964-Documentary, 1
2017-Sci-Fi, 18
2005-IMAX, 4
1979-Sci-Fi, 12
1926-Horror, 1
1967-Children, 4
1957-Sci-Fi, 5
2007-Mystery, 14
1971-Mystery, 6
1968-Sci-Fi, 7
1940-Horror, 1
1987-Musical, 2
1933-Crime, 1
1908-Animation, 1
1975-Western, 1
2007-Comedy, 102
1931-Musical, 1
1924-Sci-Fi, 1
1993-Action, 43
2012-Adventure, 31
1954-Romance, 4
1989-Horror, 11
2016-War, 3
1990-Thriller, 32
1974-Adventure, 5
1972-Thriller, 7
2005-Western, 2
1986-Children, 10
2009-Film-Noir, 1
1996-Mystery, 10
1962-Documentary, 1
2001-Sci-Fi, 17
1971-Fantasy, 1
2003-Sci-Fi, 23
1948-Musical, 2
1938-Fantasy, 2
1933-Comedy, 5
1928-Comedy, 3
1959-Western, 2
1961-Comedy, 12
1972-Comedy, 15
1988-Fantasy, 16
2017-Thriller, 22
1998-Musical, 8
1931-Romance, 3
1971-Crime, 8
2013-Mystery, 14
1934-Thriller, 1
2013-Adventure, 39
2006-Musical, 6
1983-Horror, 13
1950-Action, 1
2011-Western, 2
1973-Adventure, 7
1946-Drama, 14
1976-Fantasy, 3
1961-Action, 3
2004-War, 13
1941-Mystery, 4
1980-War, 3
1955-Mystery, 4
1933-Sci-Fi, 1
1949-Action, 1
1982-Action, 14
1984-Film-Noir, 1
1999-Comedy, 113
2018-Mystery, 5
2017-Western, 2
2006-Romance, 54
1938-Drama, 9
2018-Comedy, 17
1994-Western, 7
1956-Adventure, 5
2006-Drama, 146
1935-Mystery, 1
2001-Action, 48
1981-Romance, 9
1953-Western, 2
1968-Romance, 4
1998-Romance, 56
1981-Musical, 3
1994-Horror, 15
1971-Documentary, 1
1999-Fantasy, 17
1995-Sci-Fi, 20
2001-Mystery, 19
2012-Thriller, 54
1976-Crime, 8
1959-Adventure, 5
1939-Drama, 15
1955-Documentary, 1
1960-War, 4
1976-Documentary, 1
2012-Animation, 25
1952-War, 1
1989-Thriller, 20
1990-Mystery, 6
1948-War, 1
1948-Romance, 3
1975-Documentary, 1
2014-Romance, 35
1968-Musical, 8
1962-Thriller, 5
1951-Fantasy, 2
1991-IMAX, 1
1939-Western, 2
1985-Mystery, 7
1955-Children, 1
1970-Crime, 4
1995-Western, 6
2016-Western, 1
2003-IMAX, 3
1937-Children, 2
1993-Thriller, 32
1938-Action, 2
1939-Action, 1
2015-Crime, 30
1988-Comedy, 72
1966-Mystery, 2
1920-Crime, 1
2001-Drama, 148
2014-Musical, 5
1933-Action, 1
2001-Musical, 7
2002-Horror, 27
1937-Romance, 4
2012-Action, 56
1965-Thriller, 9
1947-Mystery, 2
1947-Drama, 12
1982-Documentary, 5
1987-Animation, 9
1960-Film-Noir, 1
1944-Comedy, 4
2007-Horror, 43
1949-Comedy, 8
1988-Children, 10
1997-Drama, 125
1972-Horror, 4
1961-Horror, 3
1965-Children, 4
1962-Romance, 7
1966-Crime, 6
1981-War, 5
2017-Children, 9
1954-Drama, 15
1916-Adventure, 1
1991-Mystery, 10
2001-Romance, 66
2000-Adventure, 23
1993-Children, 17
2018-Crime, 6
1972-Action, 6
1973-Animation, 5
1943-Romance, 1
1986-Adventure, 24
1998-Film-Noir, 1
1986-Animation, 9
1999-Adventure, 19
2017-War, 3
2018-Horror, 4
1992-Musical, 5
2017-Comedy, 56
1949-Musical, 3
1966-Action, 4
2012-Comedy, 103
1999-Horror, 22
1998-Drama, 122
1944-Action, 1
1962-Musical, 3
2013-Animation, 26
1927-Thriller, 1
1974-Animation, 1
1938-Comedy, 8
1998-Adventure, 31
1957-(no genres listed), 1
1979-Musical, 4
1983-Thriller, 13
1983-Western, 1
1979-Romance, 5
1958-Western, 1
2002-Drama, 150
1945-Film-Noir, 2
1970-Fantasy, 3
2007-Musical, 9
2018-Action, 16
1932-Film-Noir, 1
2014-Children, 15
2009-Fantasy, 32
1982-Comedy, 32
2012-Mystery, 9
1937-Musical, 3
1962-Children, 2
2007-Action, 48
1971-Comedy, 12
1993-Comedy, 77
1990-Children, 8
1953-War, 2
1982-Fantasy, 7
1999-Action, 34
1954-Mystery, 2
1958-Film-Noir, 1
1968-Crime, 4
1955-Thriller, 6
1977-Action, 9
1959-Animation, 1
1992-Romance, 36
1988-Action, 29
2001-Comedy, 127
1968-Mystery, 2
1935-Thriller, 1
1989-War, 5
1957-Action, 2
1902-Fantasy, 1
2006-Comedy, 118
1949-Children, 2
1948-Film-Noir, 3
1994-Action, 40
1962-Sci-Fi, 3
1936-Mystery, 1
2011-IMAX, 20
2001-Thriller, 53
1969-Western, 6
1951-Adventure, 3
1968-Comedy, 13
1982-Romance, 12
1967-Romance, 3
1950-Romance, 9
1934-Crime, 1
1980-Children, 2
1930-Comedy, 1
1935-Romance, 6
2000-Sci-Fi, 19
1987-Crime, 21
1949-Romance, 7
1971-Thriller, 13
1953-Musical, 6
1969-Drama, 17
2010-Children, 17
1981-Fantasy, 8
2008-Mystery, 15
1983-Drama, 29
1998-Action, 47
1958-Horror, 4
1987-Action, 31
2002-Comedy, 116
1916-Fantasy, 1
1958-War, 3
1983-Action, 15
1972-Children, 1
2007-Crime, 40
1951-Sci-Fi, 4
2000-Crime, 39
1926-Adventure, 1
1998-Comedy, 99
1951-Drama, 12
2017-Adventure, 24
1968-Action, 7
2005-Mystery, 17
2016-Drama, 69
1920-Horror, 1
1973-Sci-Fi, 10
2003-War, 11
2002-Action, 45
1937-Fantasy, 1
1982-Crime, 5
1957-Film-Noir, 1
1992-Sci-Fi, 10
1965-Mystery, 4
1955-Animation, 1
1970-Western, 3
1926-War, 1
2008-Sci-Fi, 32
1964-Musical, 6
1953-Adventure, 3
1946-Film-Noir, 8
1943-War, 1
1982-War, 3
1934-Documentary, 2
1985-Musical, 1
2009-Western, 2
1946-Adventure, 1
1973-Western, 3
1973-War, 1
1948-Thriller, 4
2011-Sci-Fi, 32
1989-Mystery, 6
2014-Thriller, 60
1984-Fantasy, 11
1980-(no genres listed), 1
2010-Western, 5
1985-Children, 11
1977-Sci-Fi, 4
1966-Sci-Fi, 3
1960-Action, 4
1916-Drama, 1
1971-Action, 17
1955-Sci-Fi, 2
1953-Crime, 2
1997-War, 7
2007-Children, 14
1956-Musical, 4
1961-Musical, 3
2009-War, 7
1947-Thriller, 2
1998-War, 8
2002-Crime, 49
1960-Fantasy, 1
1924-Romance, 2
1989-Children, 9
1992-Fantasy, 9
2011-Drama, 110
1998-Children, 24
2003-Horror, 25
2018-Romance, 1
1984-Sci-Fi, 18
2014-Drama, 117
1935-Action, 1
1979-Mystery, 3
1948-Western, 2
1955-Adventure, 1
1992-Children, 13
1928-Animation, 1
1941-Fantasy, 2
1967-Drama, 23
2008-Horror, 23
1937-Drama, 12
2000-Horror, 23
1962-Drama, 24
2003-Children, 23
1993-Romance, 33
1926-Fantasy, 1
1976-Mystery, 6
1958-Crime, 5
1951-Animation, 1
2017-Action, 38
1978-Romance, 2
1976-Adventure, 8
2006-Action, 49
2017-Animation, 18
1960-Western, 3
1983-Comedy, 31
2005-Thriller, 68
1959-Fantasy, 1
1988-War, 7
1994-Comedy, 111
1959-Romance, 6
1948-Adventure, 4
1995-Fantasy, 16
1976-Action, 7
1983-Adventure, 9
1932-Crime, 3
1988-Drama, 67
1965-Action, 9
2000-Western, 3
2013-Comedy, 89
1975-Musical, 3
1935-Drama, 6
2015-Musical, 1
1985-Crime, 11
1955-Crime, 8
1938-Romance, 4
1983-War, 2
1945-Musical, 2
1995-Horror, 19
2018-Thriller, 13
2011-Horror, 20
1980-Mystery, 6
1960-Children, 4
2014-Horror, 28
1946-Mystery, 4
2016-Mystery, 8
1996-Musical, 9
1956-Fantasy, 1
1962-Horror, 4
1973-Horror, 10
1984-Crime, 7
2000-Romance, 57
1931-Thriller, 1
1964-Drama, 17
2015-Documentary, 19
1984-Horror, 12
1999-Musical, 4
2002-Thriller, 72
2002-Fantasy, 20
1972-War, 1
1991-Thriller, 22
1955-Film-Noir, 4
2017-Documentary, 10
2005-Crime, 42
1973-Children, 3
2015-Adventure, 45
1951-Horror, 1
1942-Musical, 2
1991-Action, 26
1933-Drama, 4
2012-Musical, 7
1962-Fantasy, 3
1944-Thriller, 3
1949-Mystery, 2
2003-Romance, 51
1956-War, 1
1999-War, 4
1937-Crime, 2
1977-Thriller, 7
2001-Documentary, 12
2005-Sci-Fi, 19
1935-Comedy, 7
1951-Crime, 2
1990-Horror, 23
1982-Adventure, 10
1992-Horror, 13
1944-War, 4
1963-Comedy, 15
1969-Sci-Fi, 1
1916-Romance, 1
1987-War, 8
1995-Romance, 49
1976-Children, 3
1983-Animation, 5
1924-Comedy, 2
2005-Fantasy, 22
1974-Comedy, 13
1977-Animation, 6
1953-Children, 3
1981-Horror, 16
1980-Drama, 32
1958-Sci-Fi, 4
1997-Fantasy, 15
1972-Musical, 2
2003-Crime, 48
1962-Western, 3
2014-IMAX, 14
1966-Drama, 18
1986-Drama, 55
1987-Thriller, 24
1957-Romance, 6
1960-Romance, 6
2018-Drama, 9
2016-Children, 13
1982-Mystery, 6
1967-Thriller, 5
1984-War, 5
1959-War, 8
1941-War, 1
1977-Musical, 4
1990-(no genres listed), 1
1963-Action, 5
1970-Sci-Fi, 1
1963-Children, 3
2002-Western, 2
2000-IMAX, 1
1949-Adventure, 1
1966-Children, 3
1924-Action, 2
1967-Fantasy, 1
1982-Animation, 6
1997-Thriller, 64
1993-Mystery, 12
2007-IMAX, 6
1933-Children, 1
2016-Horror, 16
1932-Drama, 4
1951-Film-Noir, 1
2017-Drama, 45
1954-Thriller, 4
1964-Horror, 5
1978-Documentary, 4
2010-IMAX, 15
2009-Action, 59
1956-Western, 4
1940-Musical, 3
1985-Drama, 45
1944-Mystery, 2
1931-Horror, 3
1997-IMAX, 1
1991-Comedy, 69
2006-Documentary, 23
1990-Romance, 26
2000-Fantasy, 18
1978-Animation, 3
1936-Crime, 2
2010-Comedy, 97
2008-War, 16
1942-Horror, 1
1981-Adventure, 15
1927-Romance, 2
1929-Fantasy, 1
1939-Musical, 2
1979-Action, 13
2009-Musical, 7
2009-Documentary, 12
1989-Romance, 16
1953-Horror, 1
1974-Action, 11
2013-Fantasy, 28
1946-Children, 3
1977-Adventure, 12
1984-Thriller, 13
2010-Action, 65
1971-Romance, 3
1950-Crime, 3
2018-Animation, 3
1940-Children, 2
1924-Adventure, 2
1981-Sci-Fi, 12
1973-Fantasy, 2
1980-Animation, 1
2015-Action, 63
1965-Romance, 9
1930-Action, 1
1984-Documentary, 2
1967-Western, 1
1952-Romance, 6
1982-Drama, 29
1946-Comedy, 1
1951-Thriller, 2
1938-Crime, 1
1952-Comedy, 7
2004-Musical, 8
2016-Sci-Fi, 29
1986-Western, 1
1925-Adventure, 2
1989-Crime, 22
1957-War, 4
1928-Musical, 1
1985-Comedy, 54
1957-Mystery, 1
1969-Horror, 1
1931-Drama, 9
2011-Romance, 37
1996-Comedy, 108
1988-Musical, 6
1978-Fantasy, 5
1953-Film-Noir, 1
2013-Western, 1
1938-Mystery, 1
1964-Thriller, 7
1961-Thriller, 1
1931-Sci-Fi, 1
2003-Mystery, 21
1948-Fantasy, 1
1969-Children, 6
1981-Drama, 31
1939-Crime, 2
1985-War, 5
1942-War, 3
1979-Comedy, 24
2004-Action, 63
1933-Mystery, 1
1963-Mystery, 2
1957-Comedy, 8
1934-Musical, 2
1980-Adventure, 12
2012-Documentary, 11
1941-Comedy, 8
1924-Fantasy, 3
1979-Animation, 3
1953-Animation, 2
1978-Adventure, 8
1974-Thriller, 12
1997-Sci-Fi, 22
1967-Documentary, 2
1952-Adventure, 2
1983-Musical, 3
1956-Children, 1
1986-Sci-Fi, 19
2016-Romance, 18
2007-War, 13
1946-Romance, 5
1975-Sci-Fi, 7
2007-Western, 3
2018-Adventure, 12
1930-Drama, 4
1919-Drama, 1
1981-Animation, 5
2018-Fantasy, 7
1987-Mystery, 7
1958-Musical, 3
1964-Sci-Fi, 3
1953-Sci-Fi, 2
2009-Comedy, 111
1992-Western, 3
1980-Action, 18
1991-Musical, 7
1923-Drama, 2
2008-Comedy, 104
1992-Action, 31
2017-Mystery, 6
1993-Western, 3
1941-Romance, 6
1959-Action, 3
1975-Fantasy, 2
2001-Western, 3
1951-Action, 1
1936-Adventure, 2
2000-Mystery, 8
2002-Sci-Fi, 27
1927-Crime, 1
1959-Children, 4
1947-Film-Noir, 6
1950-Adventure, 2
2013-Romance, 27
1945-Thriller, 3
1945-Mystery, 6
1959-Mystery, 2
1994-Crime, 27
1949-Drama, 15
1956-Film-Noir, 4
2000-Comedy, 117
1989-Action, 33
1941-Horror, 2
2007-(no genres listed), 1
2011-Comedy, 101
2011-Thriller, 64
1993-War, 5
1991-Romance, 31
1987-Children, 8
1941-Musical, 2
1949-Horror, 1
1943-Western, 1
1915-War, 1
2016-Thriller, 41
1970-Children, 4
1954-Animation, 1
1947-Musical, 1
2017-Horror, 13
2013-Musical, 1
1994-Musical, 3
1928-Drama, 1
1915-Drama, 1
1959-Comedy, 7
2002-Romance, 58
1940-Thriller, 3
2014-Mystery, 16
1945-Animation, 1
1993-Horror, 12
1948-Mystery, 1
1972-Fantasy, 1
1931-Mystery, 1
1986-War, 4
2002-Musical, 11
1942-Children, 1
1969-War, 4
1979-Adventure, 10
1971-Horror, 1
1972-Animation, 1
1951-Comedy, 5
2005-Musical, 8
1948-Crime, 4
1962-Comedy, 7
1997-Adventure, 26
1978-War, 4
1932-Comedy, 3
1944-Drama, 11
1981-Crime, 7
1940-Western, 2
1929-Comedy, 1
1921-Comedy, 1
1999-Crime, 19
1994-Romance, 41
2010-Romance, 41
1990-Drama, 62
1973-Comedy, 13
1982-Horror, 15
1984-Comedy, 40
1974-Film-Noir, 1
1956-Mystery, 1
1995-(no genres listed), 2
1994-IMAX, 2
1979-Horror, 10
1944-Romance, 5
2009-Adventure, 37
1944-Musical, 2
2002-Animation, 13
1990-Western, 4
1988-Animation, 11
1978-Thriller, 7
2013-Children, 8
2010-Musical, 6
1973-Thriller, 14
1998-Mystery, 11
1960-Crime, 7
1973-Action, 13
1953-Mystery, 1
1989-Comedy, 71
2012-Crime, 32
2011-Action, 55
2009-Children, 17
1938-Thriller, 2
1969-Romance, 4
1954-Western, 1
1950-Animation, 1
1982-Western, 1
2016-Action, 48
1999-Western, 2
1937-Action, 1
1902-Adventure, 1
2006-Horror, 33
1957-Drama, 18
1933-Musical, 4
2005-Romance, 50
2011-Animation, 26
1930-War, 1
1986-Fantasy, 10
1948-Comedy, 3
1933-Romance, 4
1957-Western, 1
1902-Action, 1
2011-Mystery, 16
1986-Crime, 19
1969-Musical, 4
1982-Children, 6
2009-Drama, 131
1995-Drama, 123
2009-Thriller, 72
1947-Romance, 6
1981-Comedy, 32
1963-Adventure, 9
1957-Thriller, 4
1994-War, 6
1983-Fantasy, 7
2008-Action, 73
1994-Thriller, 35
1999-Children, 13
1992-Comedy, 69
1950-Fantasy, 2
1978-Crime, 4
1978-Action, 15
1970-Action, 5
2008-Musical, 9
1981-Action, 20
1954-Adventure, 3
1941-Adventure, 1
1948-Action, 3
1967-Mystery, 3
2015-Western, 4
2008-Romance, 47
2016-Comedy, 75
1996-Western, 1
1962-Action, 4
1997-Animation, 11
1930-Musical, 1
1940-War, 1
1978-Comedy, 19
2000-Action, 39
1966-Musical, 3
1963-Animation, 1
1965-Drama, 24
1940-Action, 2
1977-War, 6
1950-Mystery, 4
2017-(no genres listed), 4
1995-Mystery, 18
2004-Crime, 36
1966-Romance, 7
1963-Romance, 3
1987-Drama, 56
1949-Animation, 2
1956-Crime, 2
1953-Fantasy, 2
1992-Mystery, 5
1989-Fantasy, 13
1966-Thriller, 3
1936-Drama, 7
2000-War, 7
1985-Thriller, 18
2012-Western, 1
1988-Adventure, 18
1975-Adventure, 7
1930-Romance, 1
2002-Adventure, 37
2013-Drama, 98
1984-Action, 17
2009-Animation, 32
1986-Romance, 15
1965-Western, 4
1958-Adventure, 4
2007-Thriller, 77
1953-Drama, 17
1963-Musical, 1
1961-Sci-Fi, 3
1954-Action, 1
1984-Animation, 4
1987-Horror, 28
1976-Animation, 1
2009-Crime, 39
1965-Comedy, 17
1964-Crime, 2
2011-Fantasy, 19
1986-Film-Noir, 1
2006-Children, 22
1995-War, 14
1968-Children, 8
1977-Crime, 4
2010-Documentary, 17
1988-Western, 2
2000-Documentary, 14
2012-Drama, 92
1931-Crime, 3
1926-Comedy, 2
2011-Crime, 26
1937-Comedy, 3
2014-Animation, 15
1986-Musical, 4
1957-Adventure, 2
1970-Comedy, 10
1960-Drama, 19
1956-Sci-Fi, 6
1967-Sci-Fi, 3
2000-Drama, 138
1933-Fantasy, 2
1990-Animation, 6
1961-Drama, 18
1976-War, 3
1967-Action, 8
1965-Crime, 4
1931-Film-Noir, 1
1933-War, 1
1976-Comedy, 16
1936-Musical, 4
1945-Drama, 7
2012-Horror, 27
1936-Romance, 10
1998-Horror, 14
1924-Thriller, 1
2014-Adventure, 35
1954-Comedy, 3
2008-Fantasy, 31
2007-Sci-Fi, 29
1999-Sci-Fi, 17
1988-Sci-Fi, 17
2011-Adventure, 40
1985-Animation, 4
1958-Fantasy, 2
1971-Adventure, 6
2003-Documentary, 22
2004-Documentary, 25
1984-Adventure, 18
2001-War, 13
1996-Children, 23
2005-Drama, 140
2007-Documentary, 18
2008-Documentary, 20
1977-Western, 1
1987-Film-Noir, 2
1975-Animation, 1
1973-Mystery, 3
2016-Fantasy, 22
1960-Horror, 8
2008-Crime, 40
1967-War, 1
2015-Animation, 19
1940-Sci-Fi, 2
1999-Thriller, 48
1980-Crime, 5
2004-Thriller, 57
1987-Comedy, 77
1944-Film-Noir, 2
1980-Musical, 4
2013-Action, 61
1997-Musical, 6
1983-Sci-Fi, 10
2018-Sci-Fi, 13
1985-Adventure, 31
2004-Drama, 128
2001-Horror, 19
1997-Romance, 51
1952-Drama, 9
1989-Sci-Fi, 17
1955-Musical, 2
2011-Children, 19
2012-Film-Noir, 1
1978-Sci-Fi, 8
1927-Horror, 1
1974-Romance, 6
1974-Musical, 1
2003-Fantasy, 18
2006-Mystery, 25
2004-Children, 19
1975-War, 1
1976-Western, 2
1945-Fantasy, 1
1932-War, 1
1970-Thriller, 5
1964-Fantasy, 5
1972-Mystery, 3
1978-Children, 6
1975-Children, 2
1948-Drama, 15
2017-Crime, 13
1925-Romance, 2
1968-War, 3
1925-War, 1
1984-Mystery, 2
1972-Sci-Fi, 6
1955-Romance, 8
1969-Crime, 3
2001-Children, 12
1922-Horror, 1
2004-Western, 3
1972-Adventure, 5
1994-Sci-Fi, 11
1939-Fantasy, 1
1972-Crime, 5
1942-Thriller, 5
2010-Fantasy, 29
1978-Mystery, 4
1969-Fantasy, 4
1973-Film-Noir, 1
2002-War, 8
1960-Comedy, 7
1927-Comedy, 1
1971-Western, 3
1980-Thriller, 10
2013-Sci-Fi, 32
2014-Documentary, 17
1933-Horror, 3
1916-Comedy, 1
1999-Drama, 124
2016-Crime, 15
1996-War, 3
1980-Romance, 10
2008-IMAX, 8
1973-Crime, 17
2018-Documentary, 2
1946-Western, 2
1977-Horror, 8
1942-Mystery, 2
1946-Animation, 1
1966-Horror, 1
1994-Fantasy, 16
1955-Horror, 2
1996-Thriller, 61
1943-Drama, 8
1996-Drama, 128
1990-Action, 35
2015-Children, 14
1953-Action, 3
1992-IMAX, 1
1934-Fantasy, 1
1983-Mystery, 4
1966-Fantasy, 1
1988-Horror, 24
1996-Adventure, 35
2007-Romance, 47
1939-Animation, 2
1950-Musical, 2
1998-Fantasy, 19
1967-Musical, 5
1916-Action, 1
1999-Romance, 46
1974-Crime, 10
1963-Thriller, 7
1935-Musical, 4
2016-(no genres listed), 7
1982-Musical, 8
1977-Children, 8
2010-Film-Noir, 1
1968-Thriller, 5
1947-Crime, 6
1952-Western, 1
1964-Romance, 7
1996-Sci-Fi, 21
2001-Animation, 17
1955-Western, 3
1944-Adventure, 2
1989-Adventure, 16
1960-Adventure, 3
1935-Adventure, 2
1938-Musical, 1
1943-Horror, 2
1950-War, 1
2003-Drama, 129
1986-Mystery, 7
1968-(no genres listed), 1
1954-Horror, 3
1963-Fantasy, 3
1985-Romance, 22
1964-Action, 6
1939-Mystery, 1
1942-Crime, 3
1991-Drama, 63
2006-IMAX, 7
1976-Thriller, 15
1957-Children, 1
1997-Mystery, 21
1937-Animation, 1
1987-Adventure, 17
1942-Action, 1
1953-Romance, 7
2006-Western, 1
1998-Western, 2
2006-Thriller, 76
1923-Action, 1
2002-Children, 19
1965-War, 4
1990-War, 8
2004-Sci-Fi, 31
1987-Fantasy, 16
1933-Adventure, 2
1998-Animation, 18
2015-Sci-Fi, 41
1944-Children, 1
1932-Romance, 4
1940-Mystery, 2
1943-Thriller, 2
1956-Drama, 18
1959-Sci-Fi, 7
2013-Crime, 35
2001-Film-Noir, 1
1994-Adventure, 30
1961-Romance, 10
1993-Crime, 20
1956-Romance, 4
1978-Musical, 2
2002-Mystery, 21
1963-Western, 1
1989-Film-Noir, 1
1990-Crime, 24
1969-Adventure, 6
1993-Musical, 4
2001-Adventure, 26
2014-Action, 62
1956-Thriller, 4
2003-Western, 2
1902-Sci-Fi, 1
1962-Mystery, 1
1939-Adventure, 4
1942-Animation, 1
1972-Drama, 22
1945-Comedy, 2
2008-Adventure, 50
2003-Animation, 20
1999-IMAX, 1
1965-Horror, 3
2010-War, 7
2012-Sci-Fi, 28
1951-War, 3
1985-Sci-Fi, 18
1976-Horror, 5
1996-Animation, 9
2015-Romance, 21
1989-Animation, 9
1964-Animation, 3
1959-Musical, 2
1974-Sci-Fi, 2
1964-Children, 2
1975-Thriller, 5
1963-Crime, 6
1991-Western, 2
1932-Horror, 2
2017-Fantasy, 14
2010-Animation, 18
2010-Adventure, 30
1958-Drama, 11
2010-Crime, 23
2014-Fantasy, 15
1941-Drama, 9
1972-Romance, 4
1994-Drama, 114
2000-Musical, 4
2003-Action, 66
1971-Animation, 2
1979-Crime, 5
1988-Thriller, 29
1934-War, 1
2011-War, 6
2015-IMAX, 1
1974-Fantasy, 3
1948-Children, 1
1945-Children, 1
1996-Romance, 53
1939-Comedy, 9
1956-Comedy, 4
2009-Sci-Fi, 44
1966-Western, 3
1951-Children, 1
1942-Comedy, 9
2011-Documentary, 22
2013-(no genres listed), 2
1934-Comedy, 6
1953-Comedy, 9
1961-Crime, 1
1987-Western, 3
2013-Documentary, 8
1990-Adventure, 20
1964-Comedy, 17
1923-Comedy, 2
1959-Drama, 15
1991-Animation, 6
1996-Film-Noir, 1
1958-Mystery, 2
1975-Comedy, 12
1970-Drama, 18
1975-Romance, 7
1966-War, 6
1920-Fantasy, 1
1986-Comedy, 54
1993-Drama, 99
1995-Action, 44
1950-Thriller, 1
1942-Film-Noir, 2
1942-Romance, 10
1962-Adventure, 7
1949-War, 2
1997-Comedy, 94
1977-Fantasy, 9
2012-Romance, 31
1949-Documentary, 1
2005-Comedy, 120
1959-Horror, 7
2008-Drama, 113
1979-Fantasy, 2
2009-IMAX, 10
1958-Action, 3
2004-Adventure, 44
1992-Animation, 8
2007-Animation, 22
2014-Western, 3
1969-Animation, 5
1980-Western, 1
2004-Mystery, 19
2010-Thriller, 56
1944-Crime, 2
1967-Comedy, 14
1964-Mystery, 3
1959-Thriller, 2
1995-Musical, 4
1964-War, 7
1969-Comedy, 11
1994-Film-Noir, 1
1971-Children, 3
1931-Comedy, 4
2003-Musical, 7
1966-Adventure, 5
1941-Film-Noir, 3
1997-Crime, 33
2012-IMAX, 25
2008-Animation, 23
2008-Western, 5
1985-Fantasy, 16
2000-Thriller, 59
1991-Crime, 17
1994-Children, 24
1985-Horror, 16
1940-Drama, 14
1965-Sci-Fi, 4
1970-Mystery, 2
1926-Drama, 3
1982-Thriller, 13
1969-Thriller, 4
1945-Romance, 2
1963-Sci-Fi, 4
1940-Film-Noir, 2
1947-Fantasy, 1
1957-Musical, 3
1954-Sci-Fi, 4
1967-Adventure, 5
1974-Western, 1
1952-Sci-Fi, 1
1964-Adventure, 6
1940-Romance, 9
2012-War, 5
1936-Western, 1
1978-Drama, 17
1960-Musical, 2
2014-Comedy, 116
1995-Film-Noir, 1
1949-Crime, 2
2005-Animation, 15
1992-War, 4
2006-Adventure, 38
1991-Sci-Fi, 13
2005-Action, 59
1938-Children, 2
1974-Drama, 20
1958-Comedy, 10
1992-Crime, 23
1991-Adventure, 18
1992-Film-Noir, 2
1985-Western, 2
1995-Thriller, 42
1968-Western, 3
1939-Thriller, 1
2017-Romance, 6
2010-Sci-Fi, 19
1940-Comedy, 11
2003-Adventure, 32
1993-Animation, 9
1992-Thriller, 32
1977-Documentary, 2
1991-Children, 7
2002-Documentary, 28
1974-Documentary, 2
1968-Animation, 7
1952-Musical, 1
1979-Drama, 32
1977-Romance, 6
1927-Musical, 1
1935-Horror, 1
1936-Film-Noir, 1
2005-Documentary, 24
1961-Children, 4
1921-Drama, 1
1996-(no genres listed), 1
1995-Comedy, 91
1968-Horror, 5
1939-Romance, 9
2009-Mystery, 24
1997-Action, 51
1989-Musical, 3
2003-Comedy, 109
2009-Romance, 41
1973-Drama, 29
1986-Action, 27
1980-Fantasy, 2
1957-Horror, 3
1990-Musical, 3
2010-Mystery, 16
1975-Action, 7
1981-Mystery, 7
1946-Musical, 4
1950-Western, 4
1963-War, 4
1965-Animation, 3
2013-Thriller, 50
1937-War, 1
1928-Romance, 1
1980-Sci-Fi, 14
2005-Film-Noir, 3
2018-Children, 3
1994-Mystery, 8
1980-Documentary, 1
2015-Mystery, 16
1940-Adventure, 3
1931-Action, 1
1995-Animation, 13
1993-Adventure, 19
1974-Children, 3
1965-Musical, 4
2004-Horror, 28
1927-Drama, 5
2009-Horror, 41
1963-Horror, 6
2006-Film-Noir, 1
1977-Drama, 27
1908-Comedy, 1
1946-Crime, 5
1974-Horror, 6
1919-Comedy, 1
1992-Adventure, 12
1946-Thriller, 5
1937-Film-Noir, 1
1931-Western, 1
1990-Comedy, 59
1998-Crime, 36
1938-Adventure, 1
1928-Children, 1
1943-Crime, 2
1988-Romance, 23
2011-Musical, 3
1941-Animation, 1
1969-Mystery, 1
1995-Crime, 33
1967-Animation, 1
1969-Action, 6
1999-Mystery, 14
1995-IMAX, 1
1979-Western, 2
1984-Children, 5
1991-Fantasy, 14
1961-Fantasy, 3
1925-Drama, 2
1945-Crime, 3
1937-Adventure, 2
1981-Children, 3
1996-Horror, 15
1991-War, 1
2010-Horror, 24
1975-Drama, 19
1938-Film-Noir, 1
1933-Thriller, 1
1949-Western, 2
1934-Romance, 3
2015-Horror, 36
1936-Thriller, 3
1983-Romance, 7
2004-Romance, 52
1975-Mystery, 4
2005-Adventure, 43
1988-Documentary, 4
2008-Children, 22
1924-Drama, 2
1966-Animation, 3
1996-Crime, 32
1940-Animation, 2
2006-Fantasy, 38
1997-Children, 25
1965-Adventure, 9
2002-IMAX, 2
1991-Horror, 9
1971-Musical, 3
2016-Documentary, 13
2006-Animation, 26
1980-Horror, 18
1993-Film-Noir, 1
1994-Animation, 12
1979-War, 3
1929-Documentary, 1
1958-Romance, 7
1976-Drama, 21
2013-War, 6
1949-Thriller, 3
